"Episode","Url","File"
"432","https://www.grc.com/sn/sn-432-notes.pdf","sn-432-notes.pdf"
"433","https://www.grc.com/sn/sn-433-notes.pdf","sn-433-notes.pdf"
"434","https://www.grc.com/sn/sn-434-notes.pdf","sn-434-notes.pdf"
"435","https://www.grc.com/sn/sn-435-notes.pdf","sn-435-notes.pdf"
"436","https://cdn.twit.tv/audio/sn/sn0436/sn0436.mp3","sn-436-notes-ai.pdf"
"437","https://www.grc.com/sn/sn-437-notes.pdf","sn-437-notes.pdf"
"438","https://www.grc.com/sn/sn-438-notes.pdf","sn-438-notes.pdf"
"439","https://www.grc.com/sn/sn-439-notes.pdf","sn-439-notes.pdf"
"440","https://www.grc.com/sn/sn-440-notes.pdf","sn-440-notes.pdf"
"441","https://www.grc.com/sn/sn-441-notes.pdf","sn-441-notes.pdf"
"442","https://www.grc.com/sn/sn-442-notes.pdf","sn-442-notes.pdf"
"443","https://www.grc.com/sn/sn-443-notes.pdf","sn-443-notes.pdf"
"444","https://www.grc.com/sn/sn-444-notes.pdf","sn-444-notes.pdf"
"445","https://www.grc.com/sn/sn-445-notes.pdf","sn-445-notes.pdf"
"446","https://www.grc.com/sn/sn-446-notes.pdf","sn-446-notes.pdf"
"447","https://www.grc.com/sn/sn-447-notes.pdf","sn-447-notes.pdf"
"448","https://www.grc.com/sn/sn-448-notes.pdf","sn-448-notes.pdf"
"449","https://www.grc.com/sn/sn-449-notes.pdf","sn-449-notes.pdf"
"450","https://www.grc.com/sn/sn-450-notes.pdf","sn-450-notes.pdf"
"451","https://www.grc.com/sn/sn-451-notes.pdf","sn-451-notes.pdf"
"452","https://www.grc.com/sn/sn-452-notes.pdf","sn-452-notes.pdf"
"453","https://www.grc.com/sn/sn-453-notes.pdf","sn-453-notes.pdf"
"454","https://www.grc.com/sn/sn-454-notes.pdf","sn-454-notes.pdf"
"455","https://www.grc.com/sn/sn-455-notes.pdf","sn-455-notes.pdf"
"456","https://www.grc.com/sn/sn-456-notes.pdf","sn-456-notes.pdf"
"457","https://www.grc.com/sn/sn-457-notes.pdf","sn-457-notes.pdf"
"458","https://www.grc.com/sn/sn-458-notes.pdf","sn-458-notes.pdf"
"459","https://www.grc.com/sn/sn-459-notes.pdf","sn-459-notes.pdf"
"460","https://www.grc.com/sn/sn-460-notes.pdf","sn-460-notes.pdf"
"461","https://www.grc.com/sn/sn-461-notes.pdf","sn-461-notes.pdf"
"462","https://www.grc.com/sn/sn-462-notes.pdf","sn-462-notes.pdf"
"463","https://www.grc.com/sn/sn-463-notes.pdf","sn-463-notes.pdf"
"464","https://www.grc.com/sn/sn-464-notes.pdf","sn-464-notes.pdf"
"465","https://www.grc.com/sn/sn-465-notes.pdf","sn-465-notes.pdf"
"466","https://www.grc.com/sn/sn-466-notes.pdf","sn-466-notes.pdf"
"467","https://www.grc.com/sn/sn-467-notes.pdf","sn-467-notes.pdf"
"468","https://www.grc.com/sn/sn-468-notes.pdf","sn-468-notes.pdf"
"469","https://www.grc.com/sn/sn-469-notes.pdf","sn-469-notes.pdf"
"470","https://www.grc.com/sn/sn-470-notes.pdf","sn-470-notes.pdf"
"471","https://www.grc.com/sn/sn-471-notes.pdf","sn-471-notes.pdf"
"472","https://www.grc.com/sn/sn-472-notes.pdf","sn-472-notes.pdf"
"473","https://www.grc.com/sn/sn-473-notes.pdf","sn-473-notes.pdf"
"474","https://www.grc.com/sn/sn-474-notes.pdf","sn-474-notes.pdf"
"475","https://www.grc.com/sn/sn-475-notes.pdf","sn-475-notes.pdf"
"476","https://www.grc.com/sn/sn-476-notes.pdf","sn-476-notes.pdf"
"477","https://www.grc.com/sn/sn-477-notes.pdf","sn-477-notes.pdf"
"478","https://www.grc.com/sn/sn-478-notes.pdf","sn-478-notes.pdf"
"479","https://www.grc.com/sn/sn-479-notes.pdf","sn-479-notes.pdf"
"480","https://www.grc.com/sn/sn-480-notes.pdf","sn-480-notes.pdf"
"481","https://www.grc.com/sn/sn-481-notes.pdf","sn-481-notes.pdf"
"482","https://www.grc.com/sn/sn-482-notes.pdf","sn-482-notes.pdf"
"483","https://www.grc.com/sn/sn-483-notes.pdf","sn-483-notes.pdf"
"484","https://www.grc.com/sn/sn-484-notes.pdf","sn-484-notes.pdf"
"485","https://www.grc.com/sn/sn-485-notes.pdf","sn-485-notes.pdf"
"486","https://www.grc.com/sn/sn-486-notes.pdf","sn-486-notes.pdf"
"487","https://cdn.twit.tv/audio/sn/sn0487/sn0487.mp3","sn-487-notes-ai.pdf"
"488","https://www.grc.com/sn/sn-488-notes.pdf","sn-488-notes.pdf"
"489","https://www.grc.com/sn/sn-489-notes.pdf","sn-489-notes.pdf"
"490","https://www.grc.com/sn/sn-490-notes.pdf","sn-490-notes.pdf"
"491","https://www.grc.com/sn/sn-491-notes.pdf","sn-491-notes.pdf"
"492","https://www.grc.com/sn/sn-492-notes.pdf","sn-492-notes.pdf"
"493","https://www.grc.com/sn/sn-493-notes.pdf","sn-493-notes.pdf"
"494","https://www.grc.com/sn/sn-494-notes.pdf","sn-494-notes.pdf"
"495","https://www.grc.com/sn/sn-495-notes.pdf","sn-495-notes.pdf"
"496","https://www.grc.com/sn/sn-496-notes.pdf","sn-496-notes.pdf"
"497","https://www.grc.com/sn/sn-497-notes.pdf","sn-497-notes.pdf"
"498","https://www.grc.com/sn/sn-498-notes.pdf","sn-498-notes.pdf"
"499","https://www.grc.com/sn/sn-499-notes.pdf","sn-499-notes.pdf"
"500","https://www.grc.com/sn/sn-500-notes.pdf","sn-500-notes.pdf"
"501","https://www.grc.com/sn/sn-501-notes.pdf","sn-501-notes.pdf"
"502","https://www.grc.com/sn/sn-502-notes.pdf","sn-502-notes.pdf"
"503","https://www.grc.com/sn/sn-503-notes.pdf","sn-503-notes.pdf"
"504","https://www.grc.com/sn/sn-504-notes.pdf","sn-504-notes.pdf"
"505","https://www.grc.com/sn/sn-505-notes.pdf","sn-505-notes.pdf"
"506","https://www.grc.com/sn/sn-506-notes.pdf","sn-506-notes.pdf"
"507","https://www.grc.com/sn/sn-507-notes.pdf","sn-507-notes.pdf"
"508","https://www.grc.com/sn/sn-508-notes.pdf","sn-508-notes.pdf"
"509","https://www.grc.com/sn/sn-509-notes.pdf","sn-509-notes.pdf"
"510","https://www.grc.com/sn/sn-510-notes.pdf","sn-510-notes.pdf"
"511","https://www.grc.com/sn/sn-511-notes.pdf","sn-511-notes.pdf"
"512","https://www.grc.com/sn/sn-512-notes.pdf","sn-512-notes.pdf"
"513","https://www.grc.com/sn/sn-513-notes.pdf","sn-513-notes.pdf"
"514","https://www.grc.com/sn/sn-514-notes.pdf","sn-514-notes.pdf"
"515","https://www.grc.com/sn/sn-515-notes.pdf","sn-515-notes.pdf"
"516","https://www.grc.com/sn/sn-516-notes.pdf","sn-516-notes.pdf"
"517","https://www.grc.com/sn/sn-517-notes.pdf","sn-517-notes.pdf"
"518","https://www.grc.com/sn/sn-518-notes.pdf","sn-518-notes.pdf"
"519","https://www.grc.com/sn/sn-519-notes.pdf","sn-519-notes.pdf"
"520","https://www.grc.com/sn/sn-520-notes.pdf","sn-520-notes.pdf"
"521","https://www.grc.com/sn/sn-521-notes.pdf","sn-521-notes.pdf"
"522","https://www.grc.com/sn/sn-522-notes.pdf","sn-522-notes.pdf"
"523","https://www.grc.com/sn/sn-523-notes.pdf","sn-523-notes.pdf"
"524","https://www.grc.com/sn/sn-524-notes.pdf","sn-524-notes.pdf"
"525","https://www.grc.com/sn/sn-525-notes.pdf","sn-525-notes.pdf"
"526","https://www.grc.com/sn/sn-526-notes.pdf","sn-526-notes.pdf"
"527","https://www.grc.com/sn/sn-527-notes.pdf","sn-527-notes.pdf"
"528","https://www.grc.com/sn/sn-528-notes.pdf","sn-528-notes.pdf"
"529","https://www.grc.com/sn/sn-529-notes.pdf","sn-529-notes.pdf"
"530","https://www.grc.com/sn/sn-530-notes.pdf","sn-530-notes.pdf"
"531","https://www.grc.com/sn/sn-531-notes.pdf","sn-531-notes.pdf"
"532","https://www.grc.com/sn/sn-532-notes.pdf","sn-532-notes.pdf"
"533","https://www.grc.com/sn/sn-533-notes.pdf","sn-533-notes.pdf"
"534","https://www.grc.com/sn/sn-534-notes.pdf","sn-534-notes.pdf"
"535","https://www.grc.com/sn/sn-535-notes.pdf","sn-535-notes.pdf"
"536","https://www.grc.com/sn/sn-536-notes.pdf","sn-536-notes.pdf"
"537","https://www.grc.com/sn/sn-537-notes.pdf","sn-537-notes.pdf"
"538","https://www.grc.com/sn/sn-538-notes.pdf","sn-538-notes.pdf"
"539","https://www.grc.com/sn/sn-539-notes.pdf","sn-539-notes.pdf"
"540","https://cdn.twit.tv/audio/sn/sn0540/sn0540.mp3","sn-540-notes-ai.pdf"
"541","https://www.grc.com/sn/sn-541-notes.pdf","sn-541-notes.pdf"
"542","https://www.grc.com/sn/sn-542-notes.pdf","sn-542-notes.pdf"
"543","https://www.grc.com/sn/sn-543-notes.pdf","sn-543-notes.pdf"
"544","https://www.grc.com/sn/sn-544-notes.pdf","sn-544-notes.pdf"
"545","https://www.grc.com/sn/sn-545-notes.pdf","sn-545-notes.pdf"
"546","https://www.grc.com/sn/sn-546-notes.pdf","sn-546-notes.pdf"
"547","https://www.grc.com/sn/sn-547-notes.pdf","sn-547-notes.pdf"
"548","https://www.grc.com/sn/sn-548-notes.pdf","sn-548-notes.pdf"
"549","https://www.grc.com/sn/sn-549-notes.pdf","sn-549-notes.pdf"
"550","https://www.grc.com/sn/sn-550-notes.pdf","sn-550-notes.pdf"
"551","https://www.grc.com/sn/sn-551-notes.pdf","sn-551-notes.pdf"
"552","https://www.grc.com/sn/sn-552-notes.pdf","sn-552-notes.pdf"
"553","https://www.grc.com/sn/sn-553-notes.pdf","sn-553-notes.pdf"
"554","https://www.grc.com/sn/sn-554-notes.pdf","sn-554-notes.pdf"
"555","https://www.grc.com/sn/sn-555-notes.pdf","sn-555-notes.pdf"
"556","https://www.grc.com/sn/sn-556-notes.pdf","sn-556-notes.pdf"
"557","https://www.grc.com/sn/sn-557-notes.pdf","sn-557-notes.pdf"
"558","https://www.grc.com/sn/sn-558-notes.pdf","sn-558-notes.pdf"
"559","https://www.grc.com/sn/sn-559-notes.pdf","sn-559-notes.pdf"
"560","https://www.grc.com/sn/sn-560-notes.pdf","sn-560-notes.pdf"
"561","https://www.grc.com/sn/sn-561-notes.pdf","sn-561-notes.pdf"
"562","https://www.grc.com/sn/sn-562-notes.pdf","sn-562-notes.pdf"
"563","https://www.grc.com/sn/sn-563-notes.pdf","sn-563-notes.pdf"
"564","https://www.grc.com/sn/sn-564-notes.pdf","sn-564-notes.pdf"
"565","https://www.grc.com/sn/sn-565-notes.pdf","sn-565-notes.pdf"
"566","https://www.grc.com/sn/sn-566-notes.pdf","sn-566-notes.pdf"
"567","https://www.grc.com/sn/sn-567-notes.pdf","sn-567-notes.pdf"
"568","https://www.grc.com/sn/sn-568-notes.pdf","sn-568-notes.pdf"
"569","https://www.grc.com/sn/sn-569-notes.pdf","sn-569-notes.pdf"
"570","https://www.grc.com/sn/sn-570-notes.pdf","sn-570-notes.pdf"
"571","https://www.grc.com/sn/sn-571-notes.pdf","sn-571-notes.pdf"
"572","https://www.grc.com/sn/sn-572-notes.pdf","sn-572-notes.pdf"
"573","https://www.grc.com/sn/sn-573-notes.pdf","sn-573-notes.pdf"
"574","https://www.grc.com/sn/sn-574-notes.pdf","sn-574-notes.pdf"
"575","https://www.grc.com/sn/sn-575-notes.pdf","sn-575-notes.pdf"
"576","https://www.grc.com/sn/sn-576-notes.pdf","sn-576-notes.pdf"
"577","https://www.grc.com/sn/sn-577-notes.pdf","sn-577-notes.pdf"
"578","https://www.grc.com/sn/sn-578-notes.pdf","sn-578-notes.pdf"
"579","https://www.grc.com/sn/sn-579-notes.pdf","sn-579-notes.pdf"
"580","https://www.grc.com/sn/sn-580-notes.pdf","sn-580-notes.pdf"
"581","https://www.grc.com/sn/sn-581-notes.pdf","sn-581-notes.pdf"
"582","https://www.grc.com/sn/sn-582-notes.pdf","sn-582-notes.pdf"
"583","https://www.grc.com/sn/sn-583-notes.pdf","sn-583-notes.pdf"
"584","https://www.grc.com/sn/sn-584-notes.pdf","sn-584-notes.pdf"
"585","https://www.grc.com/sn/sn-585-notes.pdf","sn-585-notes.pdf"
"586","https://www.grc.com/sn/sn-586-notes.pdf","sn-586-notes.pdf"
"587","https://www.grc.com/sn/sn-587-notes.pdf","sn-587-notes.pdf"
"588","https://www.grc.com/sn/sn-588-notes.pdf","sn-588-notes.pdf"
"589","https://www.grc.com/sn/sn-589-notes.pdf","sn-589-notes.pdf"
"590","https://www.grc.com/sn/sn-590-notes.pdf","sn-590-notes.pdf"
"591","https://www.grc.com/sn/sn-591-notes.pdf","sn-591-notes.pdf"
"592","https://cdn.twit.tv/audio/sn/sn0592/sn0592.mp3","sn-592-notes-ai.pdf"
"593","https://www.grc.com/sn/sn-593-notes.pdf","sn-593-notes.pdf"
"594","https://www.grc.com/sn/sn-594-notes.pdf","sn-594-notes.pdf"
"595","https://www.grc.com/sn/sn-595-notes.pdf","sn-595-notes.pdf"
"596","https://www.grc.com/sn/sn-596-notes.pdf","sn-596-notes.pdf"
"597","https://www.grc.com/sn/sn-597-notes.pdf","sn-597-notes.pdf"
"598","https://www.grc.com/sn/sn-598-notes.pdf","sn-598-notes.pdf"
"599","https://www.grc.com/sn/sn-599-notes.pdf","sn-599-notes.pdf"
"600","https://www.grc.com/sn/sn-600-notes.pdf","sn-600-notes.pdf"
"601","https://www.grc.com/sn/sn-601-notes.pdf","sn-601-notes.pdf"
"602","https://www.grc.com/sn/sn-602-notes.pdf","sn-602-notes.pdf"
"603","https://www.grc.com/sn/sn-603-notes.pdf","sn-603-notes.pdf"
"604","https://www.grc.com/sn/sn-604-notes.pdf","sn-604-notes.pdf"
"605","https://www.grc.com/sn/sn-605-notes.pdf","sn-605-notes.pdf"
"606","https://www.grc.com/sn/sn-606-notes.pdf","sn-606-notes.pdf"
"607","https://www.grc.com/sn/sn-607-notes.pdf","sn-607-notes.pdf"
"608","https://www.grc.com/sn/sn-608-notes.pdf","sn-608-notes.pdf"
"609","https://www.grc.com/sn/sn-609-notes.pdf","sn-609-notes.pdf"
"610","https://www.grc.com/sn/sn-610-notes.pdf","sn-610-notes.pdf"
"611","https://www.grc.com/sn/sn-611-notes.pdf","sn-611-notes.pdf"
"612","https://www.grc.com/sn/sn-612-notes.pdf","sn-612-notes.pdf"
"613","https://www.grc.com/sn/sn-613-notes.pdf","sn-613-notes.pdf"
"614","https://www.grc.com/sn/sn-614-notes.pdf","sn-614-notes.pdf"
"615","https://www.grc.com/sn/sn-615-notes.pdf","sn-615-notes.pdf"
"616","https://www.grc.com/sn/sn-616-notes.pdf","sn-616-notes.pdf"
"617","https://www.grc.com/sn/sn-617-notes.pdf","sn-617-notes.pdf"
"618","https://www.grc.com/sn/sn-618-notes.pdf","sn-618-notes.pdf"
"619","https://www.grc.com/sn/sn-619-notes.pdf","sn-619-notes.pdf"
"620","https://www.grc.com/sn/sn-620-notes.pdf","sn-620-notes.pdf"
"621","https://www.grc.com/sn/sn-621-notes.pdf","sn-621-notes.pdf"
"622","https://www.grc.com/sn/sn-622-notes.pdf","sn-622-notes.pdf"
"623","https://www.grc.com/sn/sn-623-notes.pdf","sn-623-notes.pdf"
"624","https://www.grc.com/sn/sn-624-notes.pdf","sn-624-notes.pdf"
"625","https://www.grc.com/sn/sn-625-notes.pdf","sn-625-notes.pdf"
"626","https://www.grc.com/sn/sn-626-notes.pdf","sn-626-notes.pdf"
"627","https://www.grc.com/sn/sn-627-notes.pdf","sn-627-notes.pdf"
"628","https://www.grc.com/sn/sn-628-notes.pdf","sn-628-notes.pdf"
"629","https://www.grc.com/sn/sn-629-notes.pdf","sn-629-notes.pdf"
"630","https://www.grc.com/sn/sn-630-notes.pdf","sn-630-notes.pdf"
"631","https://www.grc.com/sn/sn-631-notes.pdf","sn-631-notes.pdf"
"632","https://www.grc.com/sn/sn-632-notes.pdf","sn-632-notes.pdf"
"633","https://www.grc.com/sn/sn-633-notes.pdf","sn-633-notes.pdf"
"634","https://www.grc.com/sn/sn-634-notes.pdf","sn-634-notes.pdf"
"635","https://www.grc.com/sn/sn-635-notes.pdf","sn-635-notes.pdf"
"636","https://www.grc.com/sn/sn-636-notes.pdf","sn-636-notes.pdf"
"637","https://www.grc.com/sn/sn-637-notes.pdf","sn-637-notes.pdf"
"638","https://www.grc.com/sn/sn-638-notes.pdf","sn-638-notes.pdf"
"639","https://www.grc.com/sn/sn-639-notes.pdf","sn-639-notes.pdf"
"640","https://www.grc.com/sn/sn-640-notes.pdf","sn-640-notes.pdf"
"641","https://www.grc.com/sn/sn-641-notes.pdf","sn-641-notes.pdf"
"642","https://www.grc.com/sn/sn-642-notes.pdf","sn-642-notes.pdf"
"643","https://cdn.twit.tv/audio/sn/sn0643/sn0643.mp3","sn-643-notes-ai.pdf"
"644","https://www.grc.com/sn/sn-644-notes.pdf","sn-644-notes.pdf"
"645","https://www.grc.com/sn/sn-645-notes.pdf","sn-645-notes.pdf"
"646","https://www.grc.com/sn/sn-646-notes.pdf","sn-646-notes.pdf"
"647","https://www.grc.com/sn/sn-647-notes.pdf","sn-647-notes.pdf"
"648","https://www.grc.com/sn/sn-648-notes.pdf","sn-648-notes.pdf"
"649","https://www.grc.com/sn/sn-649-notes.pdf","sn-649-notes.pdf"
"650","https://www.grc.com/sn/sn-650-notes.pdf","sn-650-notes.pdf"
"651","https://www.grc.com/sn/sn-651-notes.pdf","sn-651-notes.pdf"
"652","https://www.grc.com/sn/sn-652-notes.pdf","sn-652-notes.pdf"
"653","https://www.grc.com/sn/sn-653-notes.pdf","sn-653-notes.pdf"
"654","https://www.grc.com/sn/sn-654-notes.pdf","sn-654-notes.pdf"
"655","https://www.grc.com/sn/sn-655-notes.pdf","sn-655-notes.pdf"
"656","https://www.grc.com/sn/sn-656-notes.pdf","sn-656-notes.pdf"
"657","https://www.grc.com/sn/sn-657-notes.pdf","sn-657-notes.pdf"
"658","https://www.grc.com/sn/sn-658-notes.pdf","sn-658-notes.pdf"
"659","https://www.grc.com/sn/sn-659-notes.pdf","sn-659-notes.pdf"
"660","https://www.grc.com/sn/sn-660-notes.pdf","sn-660-notes.pdf"
"661","https://www.grc.com/sn/sn-661-notes.pdf","sn-661-notes.pdf"
"662","https://www.grc.com/sn/sn-662-notes.pdf","sn-662-notes.pdf"
"663","https://www.grc.com/sn/sn-663-notes.pdf","sn-663-notes.pdf"
"664","https://www.grc.com/sn/sn-664-notes.pdf","sn-664-notes.pdf"
"665","https://www.grc.com/sn/sn-665-notes.pdf","sn-665-notes.pdf"
"666","https://www.grc.com/sn/sn-666-notes.pdf","sn-666-notes.pdf"
"667","https://www.grc.com/sn/sn-667-notes.pdf","sn-667-notes.pdf"
"668","https://www.grc.com/sn/sn-668-notes.pdf","sn-668-notes.pdf"
"669","https://www.grc.com/sn/sn-669-notes.pdf","sn-669-notes.pdf"
"670","https://www.grc.com/sn/sn-670-notes.pdf","sn-670-notes.pdf"
"671","https://www.grc.com/sn/sn-671-notes.pdf","sn-671-notes.pdf"
"672","https://www.grc.com/sn/sn-672-notes.pdf","sn-672-notes.pdf"
"673","https://www.grc.com/sn/sn-673-notes.pdf","sn-673-notes.pdf"
"674","https://www.grc.com/sn/sn-674-notes.pdf","sn-674-notes.pdf"
"675","https://www.grc.com/sn/sn-675-notes.pdf","sn-675-notes.pdf"
"676","https://www.grc.com/sn/sn-676-notes.pdf","sn-676-notes.pdf"
"677","https://www.grc.com/sn/sn-677-notes.pdf","sn-677-notes.pdf"
"678","https://www.grc.com/sn/sn-678-notes.pdf","sn-678-notes.pdf"
"679","https://www.grc.com/sn/sn-679-notes.pdf","sn-679-notes.pdf"
"680","https://www.grc.com/sn/sn-680-notes.pdf","sn-680-notes.pdf"
"681","https://www.grc.com/sn/sn-681-notes.pdf","sn-681-notes.pdf"
"682","https://www.grc.com/sn/sn-682-notes.pdf","sn-682-notes.pdf"
"683","https://www.grc.com/sn/sn-683-notes.pdf","sn-683-notes.pdf"
"684","https://www.grc.com/sn/sn-684-notes.pdf","sn-684-notes.pdf"
"685","https://www.grc.com/sn/sn-685-notes.pdf","sn-685-notes.pdf"
"686","https://www.grc.com/sn/sn-686-notes.pdf","sn-686-notes.pdf"
"687","https://www.grc.com/sn/sn-687-notes.pdf","sn-687-notes.pdf"
"688","https://www.grc.com/sn/sn-688-notes.pdf","sn-688-notes.pdf"
"689","https://www.grc.com/sn/sn-689-notes.pdf","sn-689-notes.pdf"
"690","https://www.grc.com/sn/sn-690-notes.pdf","sn-690-notes.pdf"
"691","https://www.grc.com/sn/sn-691-notes.pdf","sn-691-notes.pdf"
"692","https://www.grc.com/sn/sn-692-notes.pdf","sn-692-notes.pdf"
"693","https://www.grc.com/sn/sn-693-notes.pdf","sn-693-notes.pdf"
"694","https://www.grc.com/sn/sn-694-notes.pdf","sn-694-notes.pdf"
"695","https://cdn.twit.tv/audio/sn/sn0695/sn0695.mp3","sn-695-notes-ai.pdf"
"696","https://www.grc.com/sn/sn-696-notes.pdf","sn-696-notes.pdf"
"697","https://www.grc.com/sn/sn-697-notes.pdf","sn-697-notes.pdf"
"698","https://www.grc.com/sn/sn-698-notes.pdf","sn-698-notes.pdf"
"699","https://www.grc.com/sn/sn-699-notes.pdf","sn-699-notes.pdf"
"700","https://www.grc.com/sn/sn-700-notes.pdf","sn-700-notes.pdf"
"701","https://www.grc.com/sn/sn-701-notes.pdf","sn-701-notes.pdf"
"702","https://www.grc.com/sn/sn-702-notes.pdf","sn-702-notes.pdf"
"703","https://www.grc.com/sn/sn-703-notes.pdf","sn-703-notes.pdf"
"704","https://www.grc.com/sn/sn-704-notes.pdf","sn-704-notes.pdf"
"705","https://www.grc.com/sn/sn-705-notes.pdf","sn-705-notes.pdf"
"706","https://www.grc.com/sn/sn-706-notes.pdf","sn-706-notes.pdf"
"707","https://www.grc.com/sn/sn-707-notes.pdf","sn-707-notes.pdf"
"708","https://www.grc.com/sn/sn-708-notes.pdf","sn-708-notes.pdf"
"709","https://www.grc.com/sn/sn-709-notes.pdf","sn-709-notes.pdf"
"710","https://www.grc.com/sn/sn-710-notes.pdf","sn-710-notes.pdf"
"711","https://www.grc.com/sn/sn-711-notes.pdf","sn-711-notes.pdf"
"712","https://www.grc.com/sn/sn-712-notes.pdf","sn-712-notes.pdf"
"713","https://www.grc.com/sn/sn-713-notes.pdf","sn-713-notes.pdf"
"714","https://www.grc.com/sn/sn-714-notes.pdf","sn-714-notes.pdf"
"715","https://www.grc.com/sn/sn-715-notes.pdf","sn-715-notes.pdf"
"716","https://www.grc.com/sn/sn-716-notes.pdf","sn-716-notes.pdf"
"717","https://www.grc.com/sn/sn-717-notes.pdf","sn-717-notes.pdf"
"718","https://www.grc.com/sn/sn-718-notes.pdf","sn-718-notes.pdf"
"719","https://www.grc.com/sn/sn-719-notes.pdf","sn-719-notes.pdf"
"720","https://www.grc.com/sn/sn-720-notes.pdf","sn-720-notes.pdf"
"721","https://www.grc.com/sn/sn-721-notes.pdf","sn-721-notes.pdf"
"722","https://www.grc.com/sn/sn-722-notes.pdf","sn-722-notes.pdf"
"723","https://www.grc.com/sn/sn-723-notes.pdf","sn-723-notes.pdf"
"724","https://www.grc.com/sn/sn-724-notes.pdf","sn-724-notes.pdf"
"725","https://www.grc.com/sn/sn-725-notes.pdf","sn-725-notes.pdf"
"726","https://www.grc.com/sn/sn-726-notes.pdf","sn-726-notes.pdf"
"727","https://www.grc.com/sn/sn-727-notes.pdf","sn-727-notes.pdf"
"728","https://www.grc.com/sn/sn-728-notes.pdf","sn-728-notes.pdf"
"729","https://www.grc.com/sn/sn-729-notes.pdf","sn-729-notes.pdf"
"730","https://www.grc.com/sn/sn-730-notes.pdf","sn-730-notes.pdf"
"731","https://www.grc.com/sn/sn-731-notes.pdf","sn-731-notes.pdf"
"732","https://www.grc.com/sn/sn-732-notes.pdf","sn-732-notes.pdf"
"733","https://www.grc.com/sn/sn-733-notes.pdf","sn-733-notes.pdf"
"734","https://www.grc.com/sn/sn-734-notes.pdf","sn-734-notes.pdf"
"735","https://www.grc.com/sn/sn-735-notes.pdf","sn-735-notes.pdf"
"736","https://www.grc.com/sn/sn-736-notes.pdf","sn-736-notes.pdf"
"737","https://www.grc.com/sn/sn-737-notes.pdf","sn-737-notes.pdf"
"738","https://www.grc.com/sn/sn-738-notes.pdf","sn-738-notes.pdf"
"739","https://www.grc.com/sn/sn-739-notes.pdf","sn-739-notes.pdf"
"740","https://www.grc.com/sn/sn-740-notes.pdf","sn-740-notes.pdf"
"741","https://www.grc.com/sn/sn-741-notes.pdf","sn-741-notes.pdf"
"742","https://www.grc.com/sn/sn-742-notes.pdf","sn-742-notes.pdf"
"743","https://www.grc.com/sn/sn-743-notes.pdf","sn-743-notes.pdf"
"744","https://www.grc.com/sn/sn-744-notes.pdf","sn-744-notes.pdf"
"745","https://www.grc.com/sn/sn-745-notes.pdf","sn-745-notes.pdf"
"746","https://www.grc.com/sn/sn-746-notes.pdf","sn-746-notes.pdf"
"747","https://cdn.twit.tv/audio/sn/sn0747/sn0747.mp3","sn-747-notes-ai.pdf"
"748","https://www.grc.com/sn/sn-748-notes.pdf","sn-748-notes.pdf"
"749","https://www.grc.com/sn/sn-749-notes.pdf","sn-749-notes.pdf"
"750","https://www.grc.com/sn/sn-750-notes.pdf","sn-750-notes.pdf"
"751","https://www.grc.com/sn/sn-751-notes.pdf","sn-751-notes.pdf"
"752","https://www.grc.com/sn/sn-752-notes.pdf","sn-752-notes.pdf"
"753","https://www.grc.com/sn/sn-753-notes.pdf","sn-753-notes.pdf"
"754","https://www.grc.com/sn/sn-754-notes.pdf","sn-754-notes.pdf"
"755","https://www.grc.com/sn/sn-755-notes.pdf","sn-755-notes.pdf"
"756","https://www.grc.com/sn/sn-756-notes.pdf","sn-756-notes.pdf"
"757","https://www.grc.com/sn/sn-757-notes.pdf","sn-757-notes.pdf"
"758","https://www.grc.com/sn/sn-758-notes.pdf","sn-758-notes.pdf"
"759","https://www.grc.com/sn/sn-759-notes.pdf","sn-759-notes.pdf"
"760","https://www.grc.com/sn/sn-760-notes.pdf","sn-760-notes.pdf"
"761","https://www.grc.com/sn/sn-761-notes.pdf","sn-761-notes.pdf"
"762","https://www.grc.com/sn/sn-762-notes.pdf","sn-762-notes.pdf"
"763","https://www.grc.com/sn/sn-763-notes.pdf","sn-763-notes.pdf"
"764","https://www.grc.com/sn/sn-764-notes.pdf","sn-764-notes.pdf"
"765","https://www.grc.com/sn/sn-765-notes.pdf","sn-765-notes.pdf"
"766","https://www.grc.com/sn/sn-766-notes.pdf","sn-766-notes.pdf"
"767","https://www.grc.com/sn/sn-767-notes.pdf","sn-767-notes.pdf"
"768","https://www.grc.com/sn/sn-768-notes.pdf","sn-768-notes.pdf"
"769","https://www.grc.com/sn/sn-769-notes.pdf","sn-769-notes.pdf"
"770","https://www.grc.com/sn/sn-770-notes.pdf","sn-770-notes.pdf"
"771","https://www.grc.com/sn/sn-771-notes.pdf","sn-771-notes.pdf"
"772","https://www.grc.com/sn/sn-772-notes.pdf","sn-772-notes.pdf"
"773","https://www.grc.com/sn/sn-773-notes.pdf","sn-773-notes.pdf"
"774","https://www.grc.com/sn/sn-774-notes.pdf","sn-774-notes.pdf"
"775","https://www.grc.com/sn/sn-775-notes.pdf","sn-775-notes.pdf"
"776","https://www.grc.com/sn/sn-776-notes.pdf","sn-776-notes.pdf"
"777","https://www.grc.com/sn/sn-777-notes.pdf","sn-777-notes.pdf"
"778","https://www.grc.com/sn/sn-778-notes.pdf","sn-778-notes.pdf"
"779","https://www.grc.com/sn/sn-779-notes.pdf","sn-779-notes.pdf"
"780","https://www.grc.com/sn/sn-780-notes.pdf","sn-780-notes.pdf"
"781","https://www.grc.com/sn/sn-781-notes.pdf","sn-781-notes.pdf"
"782","https://www.grc.com/sn/sn-782-notes.pdf","sn-782-notes.pdf"
"783","https://www.grc.com/sn/sn-783-notes.pdf","sn-783-notes.pdf"
"784","https://www.grc.com/sn/sn-784-notes.pdf","sn-784-notes.pdf"
"785","https://www.grc.com/sn/sn-785-notes.pdf","sn-785-notes.pdf"
"786","https://www.grc.com/sn/sn-786-notes.pdf","sn-786-notes.pdf"
"787","https://www.grc.com/sn/sn-787-notes.pdf","sn-787-notes.pdf"
"788","https://www.grc.com/sn/sn-788-notes.pdf","sn-788-notes.pdf"
"789","https://www.grc.com/sn/sn-789-notes.pdf","sn-789-notes.pdf"
"790","https://www.grc.com/sn/sn-790-notes.pdf","sn-790-notes.pdf"
"791","https://www.grc.com/sn/sn-791-notes.pdf","sn-791-notes.pdf"
"792","https://www.grc.com/sn/sn-792-notes.pdf","sn-792-notes.pdf"
"793","https://www.grc.com/sn/sn-793-notes.pdf","sn-793-notes.pdf"
"794","https://www.grc.com/sn/sn-794-notes.pdf","sn-794-notes.pdf"
"795","https://www.grc.com/sn/sn-795-notes.pdf","sn-795-notes.pdf"
"796","https://www.grc.com/sn/sn-796-notes.pdf","sn-796-notes.pdf"
"797","https://www.grc.com/sn/sn-797-notes.pdf","sn-797-notes.pdf"
"798","https://cdn.twit.tv/audio/sn/sn0798/sn0798.mp3","sn-798-notes-ai.pdf"
"799","https://www.grc.com/sn/sn-799-notes.pdf","sn-799-notes.pdf"
"800","https://www.grc.com/sn/sn-800-notes.pdf","sn-800-notes.pdf"
"801","https://www.grc.com/sn/sn-801-notes.pdf","sn-801-notes.pdf"
"802","https://www.grc.com/sn/sn-802-notes.pdf","sn-802-notes.pdf"
"803","https://www.grc.com/sn/sn-803-notes.pdf","sn-803-notes.pdf"
"804","https://www.grc.com/sn/sn-804-notes.pdf","sn-804-notes.pdf"
"805","https://www.grc.com/sn/sn-805-notes.pdf","sn-805-notes.pdf"
"806","https://www.grc.com/sn/sn-806-notes.pdf","sn-806-notes.pdf"
"807","https://www.grc.com/sn/sn-807-notes.pdf","sn-807-notes.pdf"
"808","https://www.grc.com/sn/sn-808-notes.pdf","sn-808-notes.pdf"
"809","https://www.grc.com/sn/sn-809-notes.pdf","sn-809-notes.pdf"
"810","https://www.grc.com/sn/sn-810-notes.pdf","sn-810-notes.pdf"
"811","https://www.grc.com/sn/sn-811-notes.pdf","sn-811-notes.pdf"
"812","https://www.grc.com/sn/sn-812-notes.pdf","sn-812-notes.pdf"
"813","https://www.grc.com/sn/sn-813-notes.pdf","sn-813-notes.pdf"
"814","https://www.grc.com/sn/sn-814-notes.pdf","sn-814-notes.pdf"
"815","https://www.grc.com/sn/sn-815-notes.pdf","sn-815-notes.pdf"
"816","https://www.grc.com/sn/sn-816-notes.pdf","sn-816-notes.pdf"
"817","https://www.grc.com/sn/sn-817-notes.pdf","sn-817-notes.pdf"
"818","https://www.grc.com/sn/sn-818-notes.pdf","sn-818-notes.pdf"
"819","https://www.grc.com/sn/sn-819-notes.pdf","sn-819-notes.pdf"
"820","https://www.grc.com/sn/sn-820-notes.pdf","sn-820-notes.pdf"
"821","https://www.grc.com/sn/sn-821-notes.pdf","sn-821-notes.pdf"
"822","https://www.grc.com/sn/sn-822-notes.pdf","sn-822-notes.pdf"
"823","https://www.grc.com/sn/sn-823-notes.pdf","sn-823-notes.pdf"
"824","https://www.grc.com/sn/sn-824-notes.pdf","sn-824-notes.pdf"
"825","https://www.grc.com/sn/sn-825-notes.pdf","sn-825-notes.pdf"
"826","https://www.grc.com/sn/sn-826-notes.pdf","sn-826-notes.pdf"
"827","https://www.grc.com/sn/sn-827-notes.pdf","sn-827-notes.pdf"
"828","https://www.grc.com/sn/sn-828-notes.pdf","sn-828-notes.pdf"
"829","https://www.grc.com/sn/sn-829-notes.pdf","sn-829-notes.pdf"
"830","https://www.grc.com/sn/sn-830-notes.pdf","sn-830-notes.pdf"
"831","https://www.grc.com/sn/sn-831-notes.pdf","sn-831-notes.pdf"
"832","https://www.grc.com/sn/sn-832-notes.pdf","sn-832-notes.pdf"
"833","https://www.grc.com/sn/sn-833-notes.pdf","sn-833-notes.pdf"
"834","https://www.grc.com/sn/sn-834-notes.pdf","sn-834-notes.pdf"
"835","https://www.grc.com/sn/sn-835-notes.pdf","sn-835-notes.pdf"
"836","https://www.grc.com/sn/sn-836-notes.pdf","sn-836-notes.pdf"
"837","https://www.grc.com/sn/sn-837-notes.pdf","sn-837-notes.pdf"
"838","https://www.grc.com/sn/sn-838-notes.pdf","sn-838-notes.pdf"
"839","https://www.grc.com/sn/sn-839-notes.pdf","sn-839-notes.pdf"
"840","https://www.grc.com/sn/sn-840-notes.pdf","sn-840-notes.pdf"
"841","https://www.grc.com/sn/sn-841-notes.pdf","sn-841-notes.pdf"
"842","https://www.grc.com/sn/sn-842-notes.pdf","sn-842-notes.pdf"
"843","https://www.grc.com/sn/sn-843-notes.pdf","sn-843-notes.pdf"
"844","https://www.grc.com/sn/sn-844-notes.pdf","sn-844-notes.pdf"
"845","https://www.grc.com/sn/sn-845-notes.pdf","sn-845-notes.pdf"
"846","https://www.grc.com/sn/sn-846-notes.pdf","sn-846-notes.pdf"
"847","https://www.grc.com/sn/sn-847-notes.pdf","sn-847-notes.pdf"
"848","https://www.grc.com/sn/sn-848-notes.pdf","sn-848-notes.pdf"
"849","https://www.grc.com/sn/sn-849-notes.pdf","sn-849-notes.pdf"
"850","https://www.grc.com/sn/sn-850-notes.pdf","sn-850-notes.pdf"
"851","https://cdn.twit.tv/audio/sn/sn0851/sn0851.mp3","sn-851-notes-ai.pdf"
"852","https://www.grc.com/sn/sn-852-notes.pdf","sn-852-notes.pdf"
"853","https://www.grc.com/sn/sn-853-notes.pdf","sn-853-notes.pdf"
"854","https://www.grc.com/sn/sn-854-notes.pdf","sn-854-notes.pdf"
"855","https://www.grc.com/sn/sn-855-notes.pdf","sn-855-notes.pdf"
"856","https://www.grc.com/sn/sn-856-notes.pdf","sn-856-notes.pdf"
"857","https://www.grc.com/sn/sn-857-notes.pdf","sn-857-notes.pdf"
"858","https://www.grc.com/sn/sn-858-notes.pdf","sn-858-notes.pdf"
"859","https://www.grc.com/sn/sn-859-notes.pdf","sn-859-notes.pdf"
"860","https://www.grc.com/sn/sn-860-notes.pdf","sn-860-notes.pdf"
"861","https://www.grc.com/sn/sn-861-notes.pdf","sn-861-notes.pdf"
"862","https://www.grc.com/sn/sn-862-notes.pdf","sn-862-notes.pdf"
"863","https://www.grc.com/sn/sn-863-notes.pdf","sn-863-notes.pdf"
"864","https://www.grc.com/sn/sn-864-notes.pdf","sn-864-notes.pdf"
"865","https://www.grc.com/sn/sn-865-notes.pdf","sn-865-notes.pdf"
"866","https://www.grc.com/sn/sn-866-notes.pdf","sn-866-notes.pdf"
"867","https://www.grc.com/sn/sn-867-notes.pdf","sn-867-notes.pdf"
"868","https://www.grc.com/sn/sn-868-notes.pdf","sn-868-notes.pdf"
"869","https://www.grc.com/sn/sn-869-notes.pdf","sn-869-notes.pdf"
"870","https://www.grc.com/sn/sn-870-notes.pdf","sn-870-notes.pdf"
"871","https://www.grc.com/sn/sn-871-notes.pdf","sn-871-notes.pdf"
"872","https://www.grc.com/sn/sn-872-notes.pdf","sn-872-notes.pdf"
"873","https://www.grc.com/sn/sn-873-notes.pdf","sn-873-notes.pdf"
"874","https://www.grc.com/sn/sn-874-notes.pdf","sn-874-notes.pdf"
"875","https://www.grc.com/sn/sn-875-notes.pdf","sn-875-notes.pdf"
"876","https://www.grc.com/sn/sn-876-notes.pdf","sn-876-notes.pdf"
"877","https://www.grc.com/sn/sn-877-notes.pdf","sn-877-notes.pdf"
"878","https://www.grc.com/sn/sn-878-notes.pdf","sn-878-notes.pdf"
"879","https://www.grc.com/sn/sn-879-notes.pdf","sn-879-notes.pdf"
"880","https://www.grc.com/sn/sn-880-notes.pdf","sn-880-notes.pdf"
"881","https://www.grc.com/sn/sn-881-notes.pdf","sn-881-notes.pdf"
"882","https://www.grc.com/sn/sn-882-notes.pdf","sn-882-notes.pdf"
"883","https://www.grc.com/sn/sn-883-notes.pdf","sn-883-notes.pdf"
"884","https://www.grc.com/sn/sn-884-notes.pdf","sn-884-notes.pdf"
"885","https://www.grc.com/sn/sn-885-notes.pdf","sn-885-notes.pdf"
"886","https://www.grc.com/sn/sn-886-notes.pdf","sn-886-notes.pdf"
"887","https://www.grc.com/sn/sn-887-notes.pdf","sn-887-notes.pdf"
"888","https://www.grc.com/sn/sn-888-notes.pdf","sn-888-notes.pdf"
"889","https://www.grc.com/sn/sn-889-notes.pdf","sn-889-notes.pdf"
"890","https://www.grc.com/sn/sn-890-notes.pdf","sn-890-notes.pdf"
"891","https://www.grc.com/sn/sn-891-notes.pdf","sn-891-notes.pdf"
"892","https://www.grc.com/sn/sn-892-notes.pdf","sn-892-notes.pdf"
"893","https://www.grc.com/sn/sn-893-notes.pdf","sn-893-notes.pdf"
"894","https://www.grc.com/sn/sn-894-notes.pdf","sn-894-notes.pdf"
"895","https://www.grc.com/sn/sn-895-notes.pdf","sn-895-notes.pdf"
"896","https://www.grc.com/sn/sn-896-notes.pdf","sn-896-notes.pdf"
"897","https://www.grc.com/sn/sn-897-notes.pdf","sn-897-notes.pdf"
"898","https://www.grc.com/sn/sn-898-notes.pdf","sn-898-notes.pdf"
"899","https://www.grc.com/sn/sn-899-notes.pdf","sn-899-notes.pdf"
"900","https://www.grc.com/sn/sn-900-notes.pdf","sn-900-notes.pdf"
"901","https://www.grc.com/sn/sn-901-notes.pdf","sn-901-notes.pdf"
"902","https://www.grc.com/sn/sn-902-notes.pdf","sn-902-notes.pdf"
"903","https://cdn.twit.tv/audio/sn/sn0903/sn0903.mp3","sn-903-notes-ai.pdf"
"904","https://www.grc.com/sn/sn-904-notes.pdf","sn-904-notes.pdf"
"905","https://www.grc.com/sn/sn-905-notes.pdf","sn-905-notes.pdf"
"906","https://www.grc.com/sn/sn-906-notes.pdf","sn-906-notes.pdf"
"907","https://www.grc.com/sn/sn-907-notes.pdf","sn-907-notes.pdf"
"908","https://www.grc.com/sn/sn-908-notes.pdf","sn-908-notes.pdf"
"909","https://www.grc.com/sn/sn-909-notes.pdf","sn-909-notes.pdf"
"910","https://www.grc.com/sn/sn-910-notes.pdf","sn-910-notes.pdf"
"911","https://www.grc.com/sn/sn-911-notes.pdf","sn-911-notes.pdf"
"912","https://www.grc.com/sn/sn-912-notes.pdf","sn-912-notes.pdf"
"913","https://www.grc.com/sn/sn-913-notes.pdf","sn-913-notes.pdf"
"914","https://www.grc.com/sn/sn-914-notes.pdf","sn-914-notes.pdf"
"915","https://www.grc.com/sn/sn-915-notes.pdf","sn-915-notes.pdf"
"916","https://www.grc.com/sn/sn-916-notes.pdf","sn-916-notes.pdf"
"917","https://www.grc.com/sn/sn-917-notes.pdf","sn-917-notes.pdf"
"918","https://www.grc.com/sn/sn-918-notes.pdf","sn-918-notes.pdf"
"919","https://www.grc.com/sn/sn-919-notes.pdf","sn-919-notes.pdf"
"920","https://www.grc.com/sn/sn-920-notes.pdf","sn-920-notes.pdf"
"921","https://www.grc.com/sn/sn-921-notes.pdf","sn-921-notes.pdf"
"922","https://www.grc.com/sn/sn-922-notes.pdf","sn-922-notes.pdf"
"923","https://www.grc.com/sn/sn-923-notes.pdf","sn-923-notes.pdf"
"924","https://www.grc.com/sn/sn-924-notes.pdf","sn-924-notes.pdf"
"925","https://www.grc.com/sn/sn-925-notes.pdf","sn-925-notes.pdf"
"926","https://www.grc.com/sn/sn-926-notes.pdf","sn-926-notes.pdf"
"927","https://www.grc.com/sn/sn-927-notes.pdf","sn-927-notes.pdf"
"928","https://www.grc.com/sn/sn-928-notes.pdf","sn-928-notes.pdf"
"929","https://www.grc.com/sn/sn-929-notes.pdf","sn-929-notes.pdf"
"930","https://www.grc.com/sn/sn-930-notes.pdf","sn-930-notes.pdf"
"931","https://www.grc.com/sn/sn-931-notes.pdf","sn-931-notes.pdf"
"932","https://www.grc.com/sn/sn-932-notes.pdf","sn-932-notes.pdf"
"933","https://www.grc.com/sn/sn-933-notes.pdf","sn-933-notes.pdf"
"934","https://www.grc.com/sn/sn-934-notes.pdf","sn-934-notes.pdf"
"935","https://www.grc.com/sn/sn-935-notes.pdf","sn-935-notes.pdf"
"936","https://www.grc.com/sn/sn-936-notes.pdf","sn-936-notes.pdf"
"937","https://www.grc.com/sn/sn-937-notes.pdf","sn-937-notes.pdf"
"938","https://www.grc.com/sn/sn-938-notes.pdf","sn-938-notes.pdf"
"939","https://www.grc.com/sn/sn-939-notes.pdf","sn-939-notes.pdf"
"940","https://www.grc.com/sn/sn-940-notes.pdf","sn-940-notes.pdf"
"941","https://www.grc.com/sn/sn-941-notes.pdf","sn-941-notes.pdf"
"942","https://www.grc.com/sn/sn-942-notes.pdf","sn-942-notes.pdf"
"943","https://www.grc.com/sn/sn-943-notes.pdf","sn-943-notes.pdf"
"944","https://www.grc.com/sn/sn-944-notes.pdf","sn-944-notes.pdf"
"945","https://www.grc.com/sn/sn-945-notes.pdf","sn-945-notes.pdf"
"946","https://www.grc.com/sn/sn-946-notes.pdf","sn-946-notes.pdf"
"947","https://www.grc.com/sn/sn-947-notes.pdf","sn-947-notes.pdf"
"948","https://www.grc.com/sn/sn-948-notes.pdf","sn-948-notes.pdf"
"949","https://www.grc.com/sn/sn-949-notes.pdf","sn-949-notes.pdf"
"950","https://www.grc.com/sn/sn-950-notes.pdf","sn-950-notes.pdf"
"951","https://www.grc.com/sn/sn-951-notes.pdf","sn-951-notes.pdf"
"952","https://www.grc.com/sn/sn-952-notes.pdf","sn-952-notes.pdf"
"953","https://www.grc.com/sn/sn-953-notes.pdf","sn-953-notes.pdf"
"955","https://www.grc.com/sn/sn-955-notes.pdf","sn-955-notes.pdf"
"956","https://www.grc.com/sn/sn-956-notes.pdf","sn-956-notes.pdf"
"957","https://www.grc.com/sn/sn-957-notes.pdf","sn-957-notes.pdf"
"958","https://www.grc.com/sn/sn-958-notes.pdf","sn-958-notes.pdf"
"959","https://www.grc.com/sn/sn-959-notes.pdf","sn-959-notes.pdf"
"960","https://www.grc.com/sn/sn-960-notes.pdf","sn-960-notes.pdf"
"961","https://www.grc.com/sn/sn-961-notes.pdf","sn-961-notes.pdf"
"962","https://www.grc.com/sn/sn-962-notes.pdf","sn-962-notes.pdf"
"963","https://www.grc.com/sn/sn-963-notes.pdf","sn-963-notes.pdf"
"964","https://www.grc.com/sn/sn-964-notes.pdf","sn-964-notes.pdf"
"965","https://www.grc.com/sn/sn-965-notes.pdf","sn-965-notes.pdf"
"966","https://www.grc.com/sn/sn-966-notes.pdf","sn-966-notes.pdf"
"967","https://www.grc.com/sn/sn-967-notes.pdf","sn-967-notes.pdf"
"968","https://www.grc.com/sn/sn-968-notes.pdf","sn-968-notes.pdf"
"969","https://www.grc.com/sn/sn-969-notes.pdf","sn-969-notes.pdf"
"970","https://www.grc.com/sn/sn-970-notes.pdf","sn-970-notes.pdf"
"971","https://www.grc.com/sn/sn-971-notes.pdf","sn-971-notes.pdf"
"972","https://www.grc.com/sn/sn-972-notes.pdf","sn-972-notes.pdf"
"973","https://www.grc.com/sn/sn-973-notes.pdf","sn-973-notes.pdf"
"974","https://www.grc.com/sn/sn-974-notes.pdf","sn-974-notes.pdf"
"975","https://www.grc.com/sn/sn-975-notes.pdf","sn-975-notes.pdf"
"976","https://www.grc.com/sn/sn-976-notes.pdf","sn-976-notes.pdf"
"977","https://www.grc.com/sn/sn-977-notes.pdf","sn-977-notes.pdf"
"978","https://www.grc.com/sn/sn-978-notes.pdf","sn-978-notes.pdf"
"979","https://www.grc.com/sn/sn-979-notes.pdf","sn-979-notes.pdf"
"980","https://www.grc.com/sn/sn-980-notes.pdf","sn-980-notes.pdf"
"981","https://www.grc.com/sn/sn-981-notes.pdf","sn-981-notes.pdf"
"982","https://www.grc.com/sn/sn-982-notes.pdf","sn-982-notes.pdf"
"983","https://www.grc.com/sn/sn-983-notes.pdf","sn-983-notes.pdf"
"984","https://www.grc.com/sn/sn-984-notes.pdf","sn-984-notes.pdf"
"985","https://www.grc.com/sn/sn-985-notes.pdf","sn-985-notes.pdf"
"986","https://www.grc.com/sn/sn-986-notes.pdf","sn-986-notes.pdf"
"987","https://www.grc.com/sn/sn-987-notes.pdf","sn-987-notes.pdf"
"988","https://www.grc.com/sn/sn-988-notes.pdf","sn-988-notes.pdf"
"989","https://www.grc.com/sn/sn-989-notes.pdf","sn-989-notes.pdf"
"990","https://www.grc.com/sn/sn-990-notes.pdf","sn-990-notes.pdf"
"991","https://www.grc.com/sn/sn-991-notes.pdf","sn-991-notes.pdf"
"992","https://www.grc.com/sn/sn-992-notes.pdf","sn-992-notes.pdf"
"993","https://www.grc.com/sn/sn-993-notes.pdf","sn-993-notes.pdf"
"994","https://www.grc.com/sn/sn-994-notes.pdf","sn-994-notes.pdf"
"995","https://www.grc.com/sn/sn-995-notes.pdf","sn-995-notes.pdf"
"996","https://www.grc.com/sn/sn-996-notes.pdf","sn-996-notes.pdf"
"997","https://www.grc.com/sn/sn-997-notes.pdf","sn-997-notes.pdf"
"998","https://www.grc.com/sn/sn-998-notes.pdf","sn-998-notes.pdf"
"999","https://www.grc.com/sn/sn-999-notes.pdf","sn-999-notes.pdf"
"1000","https://www.grc.com/sn/sn-1000-notes.pdf","sn-1000-notes.pdf"
"1001","https://www.grc.com/sn/sn-1001-notes.pdf","sn-1001-notes.pdf"
"1002","https://www.grc.com/sn/sn-1002-notes.pdf","sn-1002-notes.pdf"
"1003","https://www.grc.com/sn/sn-1003-notes.pdf","sn-1003-notes.pdf"
"1004","https://www.grc.com/sn/sn-1004-notes.pdf","sn-1004-notes.pdf"
"1005","https://www.grc.com/sn/sn-1005-notes.pdf","sn-1005-notes.pdf"
"1007","https://www.grc.com/sn/sn-1007-notes.pdf","sn-1007-notes.pdf"
"1008","https://www.grc.com/sn/sn-1008-notes.pdf","sn-1008-notes.pdf"
"1009","https://www.grc.com/sn/sn-1009-notes.pdf","sn-1009-notes.pdf"
"1010","https://www.grc.com/sn/sn-1010-notes.pdf","sn-1010-notes.pdf"
"1011","https://www.grc.com/sn/sn-1011-notes.pdf","sn-1011-notes.pdf"
"1012","https://www.grc.com/sn/sn-1012-notes.pdf","sn-1012-notes.pdf"
"1013","https://www.grc.com/sn/sn-1013-notes.pdf","sn-1013-notes.pdf"
"1014","https://www.grc.com/sn/sn-1014-notes.pdf","sn-1014-notes.pdf"
"1015","https://www.grc.com/sn/sn-1015-notes.pdf","sn-1015-notes.pdf"
"1016","https://www.grc.com/sn/sn-1016-notes.pdf","sn-1016-notes.pdf"
"1017","https://www.grc.com/sn/sn-1017-notes.pdf","sn-1017-notes.pdf"
"1018","https://www.grc.com/sn/sn-1018-notes.pdf","sn-1018-notes.pdf"
"1019","https://www.grc.com/sn/sn-1019-notes.pdf","sn-1019-notes.pdf"
"1020","https://www.grc.com/sn/sn-1020-notes.pdf","sn-1020-notes.pdf"
"1021","https://www.grc.com/sn/sn-1021-notes.pdf","sn-1021-notes.pdf"
"1022","https://www.grc.com/sn/sn-1022-notes.pdf","sn-1022-notes.pdf"
"1023","https://www.grc.com/sn/sn-1023-notes.pdf","sn-1023-notes.pdf"
"1024","https://www.grc.com/sn/sn-1024-notes.pdf","sn-1024-notes.pdf"
"1025","https://www.grc.com/sn/sn-1025-notes.pdf","sn-1025-notes.pdf"
"1026","https://www.grc.com/sn/sn-1026-notes.pdf","sn-1026-notes.pdf"
"1027","https://www.grc.com/sn/sn-1027-notes.pdf","sn-1027-notes.pdf"
"1028","https://www.grc.com/sn/sn-1028-notes.pdf","sn-1028-notes.pdf"
"1029","https://www.grc.com/sn/sn-1029-notes.pdf","sn-1029-notes.pdf"
"1030","https://www.grc.com/sn/sn-1030-notes.pdf","sn-1030-notes.pdf"
"1031","https://www.grc.com/sn/sn-1031-notes.pdf","sn-1031-notes.pdf"
"1032","https://www.grc.com/sn/sn-1032-notes.pdf","sn-1032-notes.pdf"
"1033","https://www.grc.com/sn/sn-1033-notes.pdf","sn-1033-notes.pdf"
"1034","https://www.grc.com/sn/sn-1034-notes.pdf","sn-1034-notes.pdf"
"1035","https://www.grc.com/sn/sn-1035-notes.pdf","sn-1035-notes.pdf"
"1036","https://www.grc.com/sn/sn-1036-notes.pdf","sn-1036-notes.pdf"
"1037","https://www.grc.com/sn/sn-1037-notes.pdf","sn-1037-notes.pdf"
"1038","https://www.grc.com/sn/sn-1038-notes.pdf","sn-1038-notes.pdf"
"1039","https://www.grc.com/sn/sn-1039-notes.pdf","sn-1039-notes.pdf"
"1040","https://www.grc.com/sn/sn-1040-notes.pdf","sn-1040-notes.pdf"
"1041","https://www.grc.com/sn/sn-1041-notes.pdf","sn-1041-notes.pdf"
"1042","https://www.grc.com/sn/sn-1042-notes.pdf","sn-1042-notes.pdf"
"1043","https://www.grc.com/sn/sn-1043-notes.pdf","sn-1043-notes.pdf"
"1044","https://www.grc.com/sn/sn-1044-notes.pdf","sn-1044-notes.pdf"
"1045","https://www.grc.com/sn/sn-1045-notes.pdf","sn-1045-notes.pdf"
"1046","https://www.grc.com/sn/sn-1046-notes.pdf","sn-1046-notes.pdf"
"1047","https://www.grc.com/sn/sn-1047-notes.pdf","sn-1047-notes.pdf"
"1048","https://www.grc.com/sn/sn-1048-notes.pdf","sn-1048-notes.pdf"
"1049","https://www.grc.com/sn/sn-1049-notes.pdf","sn-1049-notes.pdf"
"1050","https://www.grc.com/sn/sn-1050-notes.pdf","sn-1050-notes.pdf"
"1051","https://www.grc.com/sn/sn-1051-notes.pdf","sn-1051-notes.pdf"
"1052","https://www.grc.com/sn/sn-1052-notes.pdf","sn-1052-notes.pdf"
"1053","https://www.grc.com/sn/sn-1053-notes.pdf","sn-1053-notes.pdf"
"1054","https://www.grc.com/sn/sn-1054-notes.pdf","sn-1054-notes.pdf"
"1055","https://www.grc.com/sn/sn-1055-notes.pdf","sn-1055-notes.pdf"
"1056","https://www.grc.com/sn/sn-1056-notes.pdf","sn-1056-notes.pdf"
"1057","https://www.grc.com/sn/sn-1057-notes.pdf","sn-1057-notes.pdf"
"1059","https://www.grc.com/sn/sn-1059-notes.pdf","sn-1059-notes.pdf"
